sha256	path
1871f5085fae1e760b5a70393baf817f5b8059ba1f4a5a100e9d84b3b49bdd64	CGI/raw/test.txt
c79008faa5c0736a4426ebbe6a0454578debb1f1c837a9621ce1217e6b1b87d1	CGI/raw/train.txt
77fefaf298df8f99511e5ae474ce2394ef63d8ae561bf75ff57c40e838519e3a	CGI/raw/valid.txt
92ba406a93f3bd69e32339c8e9fc3de3d881a0471f0505b08d8993a61610afb6	COMPARTMENTS/raw/test.txt
400f117e860671308847feba289a7394012f3b18997624f7d6b3fe1ef937e2aa	COMPARTMENTS/raw/train.txt
a50098a5d7f5458f890b631875b9deb6cab63b93f411d352f2875560c1e2182a	COMPARTMENTS/raw/valid.txt
836f993db775a0ecf2d149af57aa90659fc3e4f6a43d5e116c4af0cb4868eb54	CORUM/raw/test.txt
8c4bd90e3f3fa38752d0e38f4e7f05f0bfa9822e7cd17aaa3ac84135ab7c09c5	CORUM/raw/train.txt
d0e7f42dd0db52f37ea856352737d803b6bce8b73f00ff8dee720a19ae58f3a5	CORUM/raw/valid.txt
ff9349e6bdd760acffac98e512bc26f8a001a25d4a4eb3034da9b19ca00a14d6	CTD_human/raw/test.txt
f960b68eb55d610fa0c06beaa3cc7d2ef0f7999cf50bf9adde8a8681b386e035	CTD_human/raw/train.txt
c9997807f25608dd7ccb730b29a0c1f04c860cb83b9e53652c00e863ea2a4359	CTD_human/raw/valid.txt
794cd60f8fc9c77fa52fcd0ea3d51545c8da65a234247848846236cc28088124	DGIdb/raw/test.txt
3945318c9cbf8a4ebe49ccac921ba489d39bf231ee64716100d5b4c98b910f63	DGIdb/raw/train.txt
84382754b448d0197e62ab126ada44ca30ffa74ffaced07b71c6402d7cab24d4	DGIdb/raw/valid.txt
4f7e5f6255b3b2e118ca26185ff003b151615efc482be06c6dc833201dec3a2f	DIP/raw/test.txt
fd36e5a0d1f517d2f27596aca2ec8f798c6a493a7153c24208010620138e8a2d	DIP/raw/train.txt
554b6bc7ef892c059e5d10d407fb08d204390b7331672a551e5ef4424d48f590	DIP/raw/valid.txt
c96b1fd37842afb42c904fa14106fca1bbb721f26cb7d7e8a57e0eb621437971	DISEASES/raw/test.txt
95b6f24561354fe3f9f077ce88cccbe1f3b0de341934aa71a0737a6b100dd7ee	DISEASES/raw/train.txt
c49724ae24ed9ef6809b6669ff219a36e2ca9c3a55568014c87d01823892b0e5	DISEASES/raw/valid.txt
ded59c1a452eb6259eeda2849393b0ddf8634451b5f0235d90255731dbb7f827	DisGeNet/raw/test.txt
51edfe7d6ccbb07f780d8adcedaa3ce80fd99e35e5ec52af8bb35c2e6a80af38	DisGeNet/raw/train.txt
cf282f549e9b47a179b024bfd60e670b8da8c7f2716e0186d7becec9102f06a0	DisGeNet/raw/valid.txt
6c5bbc447fc9444942c36bcd8d86a352ff5a63307007acae83114d28ee8843e6	DrugBank/raw/test.txt
712c76d7d6c12fbe344ed105cc677044e6241ebe4e9f82dc2d845af92f634aa0	DrugBank/raw/train.txt
25c926427ff14f4449378e7d8bffe480e15de85dac9213be416d6ba383d0d287	DrugBank/raw/valid.txt
700d398b49d437f162aa8c20d49b67f3e646b3b474cbb2048f6738a4153d8a77	GENOMICS_ENGLAND/raw/test.txt
d3b4a34dd82caec393b747ecfa0ae74e998be3492e07936a1785c3c799b6f491	GENOMICS_ENGLAND/raw/train.txt
1504711e7b0acb139294cb7d9b6f2a547bf844aed493dbdb942639de377fd157	GENOMICS_ENGLAND/raw/valid.txt
f9c957598a876ec44a702032885a9eac3a770d336aebd5568dd593e7dee492c0	GWAS_Catalog/raw/test.txt
7577e28eda5a85990afd4bb44fcabac4dac0b3f5f00f29b20c11886482a0db05	GWAS_Catalog/raw/train.txt
cbf39d2df2c9b74bc4aafb1e250db5240a20d51f914e1f988bebb588ff3adee0	GWAS_Catalog/raw/valid.txt
11eb42d2d47bc8f44ee7641a749b987e803ec4170ff7b4c3e4de4e136e7c27c7	HPIDb/raw/test.txt
3545a4dbf1b132c99abe451b76be9ed2a932d81310f8513ba5d32d386a4fc7e6	HPIDb/raw/train.txt
67ed365e5005855d2360c3f40cc3dafcc3b4f850268266126e41bce2e6622ef9	HPIDb/raw/valid.txt
11085a945fe3521425466f76ad9f3f734270a6953abdc42890fc6a2ac5ec49fc	Human_Protein_Atlas_pathology/raw/test.txt
46c6f750a5161e15c15b77ed89421f8f146a1b3e4f7aa1a32bfeb047d850cfce	Human_Protein_Atlas_pathology/raw/train.txt
69f7929b73402c184164e9409ce35949e3188bcc8999f94a735f5079910b85de	Human_Protein_Atlas_pathology/raw/valid.txt
c25d5b972cf8c1a3fb1099b734d202b8693b8cd3d67bf341efea784c7762ccb1	I2D/raw/test.txt
92f7c676bd6c5cb71b33406157aa13b7ee64778f500528930725743f1096472a	I2D/raw/train.txt
e53f17ba012d49d211073c88b6c61ba8be009aebed4cea288b10f5f06a03817e	I2D/raw/valid.txt
9bcc2771b92f648f132de4cd6f1e0e1ebf735a1f566fd2ddb0353e21e506c9d6	InnateDB/raw/test.txt
0b9fd0a874903dd1352395f0b335a4f05c882bc5f59d366c14d1fac7e0792fa3	InnateDB/raw/train.txt
4cd26a22de60032e78248241eb517aebfa08f1c88ab1a1a93299a048f6ac066a	InnateDB/raw/valid.txt
6f5360e31b92a3e8a3692af93c245b00e1022d65fae9b7c454d59d5838d27bb0	IntAct/raw/test.txt
e4dc253bd012d5feddf5908e6e6eaadc9b15b0cd6d44c55160114060f47422b7	IntAct/raw/train.txt
4c400aff42319bc13741746657d9c22150f7a0777d681f5677cec6d5aa3d91cb	IntAct/raw/valid.txt
ed99186fea1ea6bb7558fbe111698bddadc7247c944439aef9cc780eace8173d	Intact-MutationDs/raw/test.txt
0e3992e9363a1cd1c52e062d2f0575357be4c708f1906829a3926de6e72b25ec	Intact-MutationDs/raw/train.txt
9824fbc4b19a207616bb1dd6f74a51224fc10835ae2a3cc09f2cc475372410d1	Intact-MutationDs/raw/valid.txt
2dd42677832b42d7524597dd4d9c6b3b79615de4449b52b4ac4fff3e67f9ed59	MINT/raw/test.txt
f98c9a03f5842fba6c038fb39964700e5fadcf2e691fc1975c48bcbddc3b6ee8	MINT/raw/train.txt
bc7195125616be7fb81a372410e3e815f9346467dd88179c5016d2f187bf3c3a	MINT/raw/valid.txt
c362ec2b2028af720908e6107654e26a9d11f9dc1c82ce659aa57b6baea3950d	ORPHANET/raw/test.txt
02ab4c56506eba6ccf57ebf3855f4106dd1588da349f4c68fccdb9366ee0be5c	ORPHANET/raw/train.txt
f7d311eaea4d55323ef68d1a49b2226c901a016bce15796ccf1eb628a1c23a2b	ORPHANET/raw/valid.txt
68eaa2c3089d88d1326680ae38b7336366a2bcd8490d3d60e69571d507a1f796	OncoKB/raw/test.txt
e077cbc46b67893daf672cf12ab3effc17c7ca02af59ec032f2908d27ee5058a	OncoKB/raw/train.txt
f5a9771de41fcf6c6cae470f596feb2cef64fec9d4ff31304ed36cfc272360e7	OncoKB/raw/valid.txt
e112fb364067192e25ffc5fd675bf167fa18f79667abd3c4d0746501cdf19cb6	PFam/raw/test.txt
14c83c345f5e9bdd0dc96ab33cd6673de444c19364253cfd5b638743166c1b24	PFam/raw/train.txt
7e48de2169ad478743fd8f56ea7b466ddba0205f1b89408367dcfd049c75b29f	PFam/raw/valid.txt
3bca665ae155df6163e2d266c19e226637bdc99f79b529cb646ecea2eb51398c	PSYGENET/raw/test.txt
622045d7eaa8655e6b626bd4b5e6c58e251de9d4d68edd6593fe0e93030f6bc8	PSYGENET/raw/train.txt
05bceb44550248ba8e3e6c80709d64939139a43856e9abdeed740a4dd7b5134d	PSYGENET/raw/valid.txt
ba46a493a259dff737fd0eb8f167d3dca46ff93d1d4e7a37a5a6343ba84c4605	Reactome/raw/test.txt
503b859ef7c64b34841e0b9a25459fa25ac8ecbd0e61dcfc42833c03c250a859	Reactome/raw/train.txt
3d31f3f68e14bc7c5bad1251a335ca4f8a3248c2d7068cfab0129a1405ea2750	Reactome/raw/valid.txt
1a85c25952626025850e9d43f34ec40e7209a21fb41b51ebb90d5f16b5e7bd86	SIGNOR/raw/test.txt
89769ed484093abc71d74e1274a866088ef7a9beb7c0d9ccd0af426dbdef57d6	SIGNOR/raw/train.txt
5c8c42833f88ba9fd0626a6158a61cc39b8845371e1456d4196f7d5514ccd17d	SIGNOR/raw/valid.txt
a2bc73c9671e92b1b5e08c982a6ed8c512c0e48b2c68f4e467edb61f3459827e	SMPDB/raw/test.txt
1043b6f01e89eccda678ad69d4c045ed678af96d525ae5e40d4e16d634adfad0	SMPDB/raw/train.txt
2a61bd02cce2171433480d7f45d58bf21099e948e68e85a40cfe49c3cd5d7074	SMPDB/raw/valid.txt
1d479e891124234fe40a395a8c396e63c15cea4407b01a75ee2f76d217c3936f	STITCH/raw/test.txt
7fa26a5340c7a1e2d2efb54f0561e11f0c0c75c2f3f0b5fa0e28323ea14c628b	STITCH/raw/train.txt
0040387d3c55641e00ced185bdf02fb77f8b194ed03daafa2e74868650d29f9e	STITCH/raw/valid.txt
09a2bdc63167be6b0de32c1955af75281cb8b78c45534c6b7c66812d2153e5af	STRING/raw/test.txt
30570afd9241bb0ee5f7625e33618cf119160d63721cac3f5fddb5605ff58e25	STRING/raw/train.txt
1f6ddac071337eea0a3c68b8f4b992228ed4184ac4d9e744f2fe12c604f18467	STRING/raw/valid.txt
b4538e6ed3fb7b2ddd2db4fbdf072927743b60421eacf33bc7921a10533bb905	TISSUES/raw/test.txt
6a702b3fb9a8e6e5109d77fb2fa143640ac74475b362f01b09b0e482321f4aa7	TISSUES/raw/train.txt
97221da56dd66e2641e1571d77a02db9079510972de472e84a13a8d10b33a890	TISSUES/raw/valid.txt
d0e68c96cf5572491a62dc4317593d10cda1e3a36588ff7a6d6f74dc5d234d41	UniProt/raw/test.txt
57dcbb39f411694d17632c7306c04fcc288e00efea42e56422827f79ce1fdfdd	UniProt/raw/train.txt
9c3ee2728ed8b547ac54bfbbbdeb94e288648d2ca7239d26132f5ac06580efd6	UniProt/raw/valid.txt
8fd10783e436fbbc76e26e796c4bd35ff4ae6f1e74014479d4e710201ebfe9ff	bhf-ucl/raw/test.txt
ba2b39ae2c719891d771824bda5d10fb27bcd19a919b9b1256d91521de398ba0	bhf-ucl/raw/train.txt
def17101f825c1dc7d42b484534f1f53f1b46e7acd022258379525d5224e425d	bhf-ucl/raw/valid.txt
ba116e0740a6f933fff044b7ba93e0745967f4d43883d6261b142c5fb2adbd9e	matrixdb/raw/test.txt
5817e96244c2a8a6ca2afdc0bd0d74c91e2ca2af3d39476ae5dffc437a550817	matrixdb/raw/train.txt
b96fe085e4c76d67c14ce90a7886fe562b6a78dfad7527e79a108170d68838af	matrixdb/raw/valid.txt
